{
    "aboneler": {
        "aboneler": {
            "a": -6.475968360900879,
            "ab": -5.374574661254883,
            "abo": -4.850251197814941,
            "abon": -4.937648773193359,
            "abone": -4.345449447631836,
            "abonel": -5.387826919555664,
            "abonele": -7.905156135559082,
            "aboneler": -3.251607894897461
        },
        "abonele": {
            "a": -6.359643936157227,
            "ab": -5.25546932220459,
            "abo": -4.745051383972168,
            "abon": -4.837133407592773,
            "abone": -4.368124961853027,
            "abonel": -5.731306552886963,
            "abonele": -8.084004402160645,
            "aboneler": -3.2915987968444824
        },
        "abonel": {
            "a": -5.1770124435424805,
            "ab": -3.977313995361328,
            "abo": -3.4613876342773438,
            "abon": -3.8735084533691406,
            "abone": -3.1571731567382812,
            "abonel": -4.303696155548096,
            "abonele": -6.759549140930176,
            "aboneler": -1.94264554977417
        },
        "abone": {
            "a": -4.79897403717041,
            "ab": -4.072874069213867,
            "abo": -3.340193271636963,
            "abon": -4.178950309753418,
            "abone": -3.2031049728393555,
            "abonel": -4.052145004272461,
            "abonele": -6.054465293884277,
            "aboneler": -1.526118278503418
        },
        "abon": {
            "a": -6.107091903686523,
            "ab": -5.08237361907959,
            "abo": -4.379424571990967,
            "abon": -4.347118377685547,
            "abone": -3.6418027877807617,
            "abonel": -4.168598175048828,
            "abonele": -7.020691394805908,
            "aboneler": -2.6056876182556152
        },
        "abo": {
            "a": -5.668797016143799,
            "ab": -4.5737738609313965,
            "abo": -3.858859062194824,
            "abon": -3.8747873306274414,
            "abone": -3.1370906829833984,
            "abonel": -3.4757308959960938,
            "abonele": -6.19717264175415,
            "aboneler": -2.1840763092041016
        },
        "ab": {
            "a": -5.469276428222656,
            "ab": -4.395522594451904,
            "abo": -3.542487621307373,
            "abon": -3.528421401977539,
            "abone": -2.9797210693359375,
            "abonel": -3.3592615127563477,
            "abonele": -5.7673139572143555,
            "aboneler": -2.0197134017944336
        },
        "a": {
            "a": -5.726858615875244,
            "ab": -4.729037284851074,
            "abo": -3.975879669189453,
            "abon": -3.9930334091186523,
            "abone": -3.3383073806762695,
            "abonel": -3.8857059478759766,
            "abonele": -6.539216041564941,
            "aboneler": -2.2688064575195312
        }
    }
}