{
    "C": -47.023451805114746,
    "Ce": -39.69382572174072,
    "Cek": -32.530627727508545,
    "Ceki": -31.93589735031128,
    "CekiS": -15.00517225265503,
    "CekiSi": -12.948289394378662,
    "CekiSir": -8.05639362335205
}